标题,价格,评论数,好评率
2020考研数学李永乐王式安考研数学 概率论与数理统计辅导讲义,49.80,110935,99
2020考研数学 张宇概率论与数理统计9讲（张宇36讲之9讲，数一、三通用）,28.80,92781,99
【现货速发】2020张宇36讲考研数学高等数学18讲+线性代数9讲+概率论9讲数学一三时代云图,92.80,4000,99
李永乐2020考研数学三 复习全书+历年真题+基础过关660题 可搭配张剑考研英语一黄皮书,155.80,834,99
2020考研数学李永乐王式安考研数学复习全书（数学三）,99.80,110947,99
2020考研数学李永乐王式安考研数学 复习全书+基础过关660题 数学二（套装共3册）,165.60,110935,99
张宇考研数学真题大全解：数学一x2F张宇数学教育系列丛书（函套共2册）,73.00,92768,99
2020李永乐考研数学复习全书+基础过关660题+全精解析 考研数学一二三123 数学一（共3本）,168.60,200,100
2020考研数学李永乐王式安考研数学基础过关660题（数学三）（套装共2册）（习题册+答案册）,79.80,110935,99
2020考研数学李永乐王式安考研数学基础过关660题（数学二）（套装共2册）（习题册+答案册）,77.80,110935,99
现货速发 张宇2020考研数学36讲 高数18讲+线代9讲+概率论9讲 张宇高数十八讲  张宇18讲,92.80,231,96
2020考研数学李永乐王式安考研数学历年真题全精解析（数学一）,79.80,110935,99
2020考研数学李永乐王式安考研数学 复习全书+基础过关660题 数学三（套装共3册）,179.60,110936,99
现货包邮 2020考研数学张宇高等数学18讲 (适用于数1数2数3) 张宇高数十八,39.80,3010,97
张宇闭关修炼一百八十题（四册）考研数学闭关修炼180题时代云图,9.00,1517,99
2020考研数学李永乐王式安考研数学 线性代数+高等数学+概率论与数理统计辅导讲义（套装共3册）,159.40,110935,99
文都教育 汤家凤 2019考研数学接力题典1800：数学二（套装共2册）,66.30,39255,99
2020考研数学李永乐线代辅导讲义+张宇高等数学18讲+王式安概率论讲义 张宇高数18讲 李永乐线代,96.00,545,99
2019考研数学李永乐王式安考研数学复习全书（数学一）（赠分阶习题同步训练+线性代数体验课）,89.80,110935,99
2020考研数学张宇高数18讲+李永乐线性代数辅导讲义 张宇高等数学18讲 李永乐线代讲义 赠公式书,65.80,327,99
2020考研数学李永乐王式安考研数学 复习全书+基础过关660题+历年真题全精解析 数学一（套装共4册）,259.40,110936,99
2020考研数学一 李永乐考研数学复习全书+基础过关660题+历年真题全精解析 李永乐考研数学,155.60,1644,97
【先发36讲】2020考研数学张宇36讲（高数18讲+概率9讲+线代9讲）+1000题 数学一,138.80,912,99
2020考研数学 张宇高等数学18讲（张宇36讲之18讲，数一、二、三通用）,42.80,92782,99
2020考研数学李永乐王式安考研数学复习全书（数学一）,99.80,110935,99
2020考研数学李永乐王式安考研数学 复习全书+基础过关660题+历年真题全精解析 数学三（套装共4册）,259.40,110939,99
考研高等数学同济七版教材+线性代数同济六版+概率论与数理统计大学教材及习题精解全套8本 考研数学教材,182.00,216,99
2020考研数学李永乐王式安考研数学 复习全书+基础过关660题+历年真题全精解析 数学二（套装共4册）,243.40,110950,99
2020考研数学李永乐王式安考研数学 线性代数辅导讲义,49.80,110945,99
2020考研数学一 李永乐王式安考研数学全书 李永乐复习全书+基础过关660题+历年真题解析配套视频,150.00,1853,98
2020考研数学复习全书.基础篇(数一、二、三通用),59.80,110935,99
2020考研数学二 李永乐王式安考研数学全书 李永乐复习全书+基础过关660题+历年真题解析配套视频,139.00,990,99
李永乐2020考研数学一 复习全书+历年真题+基础过关660题 可搭配张剑考研英语一黄皮书,155.00,531,99
2020考研数学李永乐王式安考研数学基础过关660题（数学一）（套装共2册）（习题册+答案册）,79.80,110943,99
2020考研数学李永乐王式安考研数学 复习全书+基础过关660题 数学一（套装共3册）,179.60,110942,99
现货 2020考研数学二 李永乐考研数学复习全书+历年真题解析+基础过关660题 李永乐考研数学,146.00,667,97
2020考研数学李永乐王式安考研数学复习全书（数学二）,87.80,110935,99
2020考研数学 张宇线性代数9讲（张宇36讲之9讲，数一、二通用）,27.80,92768,99
【先发27讲】张宇2020考研数学27讲（高数18讲+线代9讲）+张宇1000题数学二 时代云图,105.90,755,100
2019考研数学李永乐王式安考研数学 复习全书+基础过关660题+历年真题权威解析 数学一（套装共3册，赠习题训练+体验课）,229.40,110935,99
文都教育 汤家凤 2019考研数学接力题典1800：数学一（套装共2册）,66.30,39265,99
【先发36讲】2020考研数学三张宇36讲（线代+概率+高数）+张宇1000题数学3 时代云图,138.80,241,99
2020考研数学三 李永乐考研数学复习全书+基础过关660题+历年真题全精解析 李永乐考研数学,155.60,330,96
张宇2020考研数学一张宇36讲+1000题全套5本含高数18讲概率论9讲线代9讲,138.80,2657,99
【现货速发】2020考研数学 张宇高等数学18讲 高数十八讲 宇哥考研 时代云图,42.80,1045,99
2020考研数学李永乐王式安考研数学历年真题全精解析（数学二）,77.80,110935,99
张宇考研数学真题大全解：数学二x2F张宇数学教育系列丛书（函套共2册）,66.30,92774,99
2020考研数学李永乐王式安考研数学 高等数学辅导讲义,59.80,110935,99
【新版现货】2020张宇带你学高等数学・同济七版(上下册)考研数学高数,47.50,842,99
【现货36讲】预售2020考研数学三张宇36讲+张宇考研数学题源探析经典1000题张宇高等数学18讲,138.80,794,99
